string2 0,empty 1,float 2,float 3,float 4,float 5,float 6,float 7,float 8
"chr485J_head",,0,0,0,0,0,0,1
"chr485J_neck",,5,0,-12,-0.10442898,0.0045594675,0.043380436,0.99357533
"chr486J_head",,0,0,0,0,0,0,1
"chr486J_neck",,0,17,-5,-0.043140266,0.14766873,-0.0064473557,0.98807454
"chr487J_head",,0,0,0,0,0,0,1
"chr487J_spine02",,0,-5,20,0.17348291,-0.04295671,-0.007574427,0.98387045
