int32 0,float 1
0,-118
1,35.23392
2,101.36929
3,-113.41681
4,32.453255
5,94.08894
6,0.7
